seq_id,tm
31390,-0.9468390848969906
31391,-0.9468390848969906
31392,0
31393,1.5391647429168123
31394,2.2286378502416424
31395,0.11336435114482424
31396,0.7548760131391429
31397,2.2286378502416424
31398,-0.16041484382066062
31399,-0.211126688537987
31400,-0.1284782995034362
31401,-0.8710609610405345
31402,-0.8710609610405345
31403,0
31404,-1.0164036465325723
31405,0.6406098662722144
31406,-0.8710609610405345
31407,0.7992813147626654
31408,-0.8710609610405345
31409,0.35281633028839443
31410,-0.8710609610405345
31411,-0.17930753820336368
31412,0.015947872275833684
31413,0.12651464176835098
31414,2.2286378502416424
31415,0.48363222734374106
31416,-0.262067944377462
31417,-0.5864275319637436
31418,2.1252443805994834
31419,-0.5995778225872703
31420,0.20509904539893303
31421,2.1252443805994834
31422,-0.5995778225872703
31423,2.1252443805994834
31424,-0.5995778225872703
31425,0.5283213830515148
31426,-0.6042768651305017
31427,0.34242140871259374
31428,0.3728798258851385
31429,1.5391647429168123
31430,0.015947872275833684
31431,0.12651464176835098
31432,2.2286378502416424
31433,0.17442106493306897
31434,0.48363222734374106
31435,1.0857908729958723
31436,-0.5864275319637436
31437,-0.5995778225872703
31438,0.20509904539893303
31439,2.1252443805994834
31440,-0.5995778225872703
31441,2.1252443805994834
31442,2.038341195805751
31443,-0.5995778225872703
31444,0.5283213830515148
31445,-0.6042768651305017
31446,0
31447,0.34242140871259374
31448,0.3728798258851385
31449,-0.27226200087831703
31450,-0.18644983717853034
31451,2.2286378502416424
31452,-0.19960012780205708
31453,0.7532563341763586
31454,-0.19960012780205708
31455,2.2286378502416424
31456,-0.19960012780205708
31457,-0.27035566724647697
31458,0.48363222734374106
31459,1.0857908729958723
31460,0
31461,-0.5864275319637436
31462,2.1252443805994834
31463,-0.5995778225872703
31464,0.20509904539893303
31465,-0.5995778225872703
31466,-0.6042768651305017
31467,0.34242140871259374
31468,0.7765797105852001
31469,-0.16041484382066062
31470,-0.211126688537987
31471,0.9160737827014698
31472,-1.035723837030193
31473,0.6406098662722144
31474,0
31475,0.43439588973808885
31476,0.7992813147626654
31477,-0.8864598281955337
31478,-0.8408421688767926
31479,0.3728798258851385
31480,0
31481,1.5391647429168123
31482,0.12651464176835098
31483,0.7548760131391429
31484,0.17442106493306897
31485,0.7765797105852001
31486,1.203823937282405
31487,0.5070653356245611
31488,0.7951665137739632
31489,0.43661488120187414
31490,-0.8175004414857081
31491,-0.8175004414857081
31492,0.015947872275833684
31493,0.12651464176835098
31494,0.11336435114482424
31495,0
31496,0.29024114231104187
31497,1.7640029794135414
31498,0.3728798258851385
31499,1.0745298720887113
31500,0.015947872275833684
31501,0.12651464176835098
31502,1.7640029794135414
31503,0.3728798258851385
31504,1.0745298720887113
31505,-0.27226200087831703
31506,-0.18644983717853034
31507,1.7640029794135414
31508,-0.19960012780205708
31509,0.2886214633482575
31510,1.7640029794135414
31511,-0.19960012780205708
31512,1.7640029794135414
31513,-0.19960012780205708
31514,-0.27035566724647697
31515,0.48363222734374106
31516,0
31517,0.6211560021677713
31518,0.2076295213701328
31519,-0.11673006621614879
31520,1.6606095097713824
31521,-0.12988035683967553
31522,1.6606095097713824
31523,1.57370632497765
31524,-0.12988035683967553
31525,0.5283213830515148
31526,-0.13457939938290686
31527,0.34242140871259374
31528,-0.5677555974242742
31529,0.5070653356245611
31530,-0.8864598281955337
31531,-0.8864598281955337
31532,-1.035723837030193
31533,0.6406098662722144
31534,-0.8864598281955337
31535,0.43439588973808885
31536,0.7992813147626654
31537,-0.5382892806245586
31538,-0.5382892806245586
31539,-1.0759071723909435
31540,-1.0759071723909435
31541,-0.2033057537221546
31542,-1.0759071723909435
31543,-0.5382892806245586
31544,-0.13699191116996745
31545,-1.0759071723909435
31546,0.17442106493306897
31547,0.07446252349594185
31548,0.12489496280556664
31549,1.059478863934615
31550,1.059478863934615
31551,0.9725756791408826
31552,-0.4131454548628101
31553,-0.4914098198364143
31554,-1.0759071723909435
31555,0.3302540746346557
31556,-1.0815834761360335
31557,-0.28854443656312473
31558,-0.3392562812804511
31559,-0.21832324838389594
31560,-0.4771416191493959
31561,0.840175607706795
31562,-0.4771416191493959
31563,-0.4710710977414697
31564,0.12651464176835098
31565,1.7640029794135414
31566,0.3728798258851385
31567,1.0745298720887113
31568,0.12651464176835098
31569,1.7640029794135414
31570,-0.16041484382066062
31571,-0.211126688537987
31572,-0.147798490001057
31573,-0.8864598281955337
31574,-1.035723837030193
31575,0.2769615366966043
31576,-0.8864598281955337
31577,0.07074756016247877
31578,-0.8864598281955337
31579,0.3728798258851385
31580,1.0745298720887113
31581,0.12651464176835098
31582,1.7640029794135414
31583,0.11336435114482424
31584,0.29024114231104187
31585,0.11336435114482424
31586,1.7640029794135414
31587,1.7640029794135414
31588,-0.46004659134053427
31589,-1.0759071723909435
31590,-1.0759071723909435
31591,-1.0502202476401534
31592,-1.0759071723909435
31593,-0.5382892806245586
31594,0
31595,-1.0759071723909435
31596,-0.5382892806245586
31597,-0.5382892806245586
31598,-0.3392562812804511
31599,-0.21832324838389594
31600,-0.4771416191493959
31601,0.840175607706795
31602,-0.4710710977414697
31603,0.3728798258851385
31604,-0.27226200087831703
31605,-0.18644983717853034
31606,1.7640029794135414
31607,-0.19960012780205708
31608,1.7640029794135414
31609,-0.19960012780205708
31610,1.7640029794135414
31611,1.7640029794135414
31612,-0.19960012780205708
31613,-0.27035566724647697
31614,-0.22439793208401101
31615,-0.22439793208401101
31616,-0.21178157826440733
31617,-0.6560837908386102
31618,0.3302540746346557
31619,-0.6560837908386102
31620,-0.540422757254111
31621,0.20712573655418487
31622,-0.6560837908386102
31623,0.020627762804613814
31624,0.08469205632757285
31625,0.020627762804613814
31626,-0.5382892806245586
31627,-0.38980372747172565
31628,-0.7116346553873036
31629,0.10857010713711544
31630,-1.3274952364377128
31631,-1.3018083116869228
31632,-0.2033057537221546
31633,0
31634,-1.3274952364377128
31635,-0.5382892806245586
31636,-1.3274952364377128
31637,-0.5382892806245586
31638,-0.8027297333233736
31639,-0.5382892806245586
31640,1.316205993272782
31641,-0.18114000004558184
31642,0
31643,2.0056791005976122
31644,-0.2890873028045471
31645,0.5319172634951129
31646,2.0056791005976122
31647,-0.2890873028045471
31648,2.0056791005976122
31649,2.0056791005976122
31650,0.8899635259094019
31651,0.9368840935209071
31652,0.5314118933373126
31653,0.4676768380205771
31654,1.316205993272782
31655,0.11074488441127223
31656,-0.18114000004558184
31657,2.0056791005976122
31658,-0.2890873028045471
31659,2.0056791005976122
31660,-0.16041484382066062
31661,-1.03764954097702
31662,0.5524254531258596
31663,-1.03764954097702
31664,-1.03764954097702
31665,0.4356329851870553
31666,2.0056791005976122
31667,0.11074488441127223
31668,-0.18114000004558184
31669,0.5319172634951129
31670,2.0056791005976122
31671,2.0056791005976122
31672,2.0056791005976122
31673,0.5784292394791797
31674,0.6253498070906849
31675,1.301154985118686
31676,0.20024969745572846
31677,-0.38146842088644484
31678,1.2142518003249536
31679,1.316205993272782
31680,0.11074488441127223
31681,-0.2890873028045471
31682,2.0056791005976122
31683,2.0056791005976122
31684,-0.22439793208401101
31685,-0.21178157826440733
31686,-0.6560837908386102
31687,0.3302540746346557
31688,-0.6560837908386102
31689,-0.540422757254111
31690,-0.6560837908386102
31691,0.020627762804613814
31692,0.08469205632757285
31693,-0.6560837908386102
31694,0.26921807706850753
31695,-0.21178157826440733
31696,-0.6560837908386102
31697,-0.6560837908386102
31698,0.020627762804613814
31699,-0.6560837908386102
31700,0.6253498070906849
31701,0.05083846945880202
31702,1.301154985118686
31703,0
31704,-0.38146842088644484
31705,1.301154985118686
31706,-0.38146842088644484
31707,-0.29137045129423766
31708,2.0056791005976122
31709,0.4676768380205771
31710,-0.18114000004558184
31711,2.0056791005976122
31712,0.5319172634951129
31713,2.0056791005976122
31714,-0.2890873028045471
31715,2.0056791005976122
31716,1.316205993272782
31717,2.0056791005976122
31718,2.0056791005976122
31719,0.11074488441127223
31720,-0.211126688537987
31721,0
31722,-1.035723837030193
31723,-0.38980372747172565
31724,0.4676768380205771
31725,0
31726,-0.18114000004558184
31727,2.0056791005976122
31728,-0.2890873028045471
31729,0.5319172634951129
31730,2.0056791005976122
31731,0.26921807706850753
31732,0.31613864468001285
31733,-0.16041484382066062
31734,-0.147798490001057
31735,-1.288911482144905
31736,0.5524254531258596
31737,-1.288911482144905
31738,-1.035723837030193
31739,0.4356329851870553
31740,-1.288911482144905
31741,0.4676768380205771
31742,1.316205993272782
31743,-0.17746498874287844
31744,-0.09165282504309175
31745,2.0056791005976122
31746,-0.19960012780205708
31747,0.5302975845323284
31748,-0.19960012780205708
31749,0
31750,-0.19960012780205708
31751,0.4676768380205771
31752,1.316205993272782
31753,0.11074488441127223
31754,-0.18114000004558184
31755,2.0056791005976122
31756,0.5319172634951129
31757,0.6253498070906849
31758,-0.18275967900836615
31759,-0.29070698176733145
31760,1.301154985118686
31761,-0.29070698176733145
31762,1.2142518003249536
31763,-0.29070698176733145
31764,0.4372184208480323
31765,1.301154985118686
31766,0.4676768380205771
31767,1.316205993272782
31768,-0.18114000004558184
31769,2.0056791005976122
31770,-1.3274952364377128
31771,0.3302540746346557
31772,-1.3274952364377128
31773,0.4676768380205771
31774,0
31775,1.316205993272782
31776,0.11074488441127223
31777,0.5319172634951129
31778,2.0056791005976122
31779,-0.7465042675238454
31780,-0.3392562812804511
31781,-0.7287296831961652
31782,0.6112201918194418
31783,-0.7287296831961652
31784,-0.6183746747813814
31785,-0.4669262657681684
31786,-1.2199182220346185
31787,0.021161959466422908
31788,0.1798334079568739
31789,-0.6183746747813814
31790,-0.4669262657681684
31791,-0.6057583209617776
31792,-1.288911482144905
31793,0.021161959466422908
31794,0
31795,-0.1850520170677026
31796,0.4676768380205771
31797,1.023417973856121
31798,0.11074488441127223
31799,1.7128910811809515
31800,-0.2890873028045471
31801,0.2391292440784518
31802,1.7128910811809515
31803,0.4676768380205771
31804,1.023417973856121
31805,0.11074488441127223
31806,-0.18114000004558184
31807,1.7128910811809515
31808,-0.2890873028045471
31809,1.7128910811809515
31810,1.7128910811809515
31811,-1.288911482144905
31812,0.29662587589567824
31813,-1.288911482144905
31814,-1.288911482144905
31815,0.12046940851845897
31816,-0.09497939104421674
31817,0.03862085233022232
31818,-0.28190002849644696
31819,-0.06932645042874297
31820,-0.28190002849644696
31821,0.02077151916346421
31822,-0.002267863725088415
31823,-0.28190002849644696
31824,0.12046940851845897
31825,-0.15903797510291942
31826,-0.28190002849644696
31827,-0.06932645042874297
31828,0.035409263492343745
31829,-0.28190002849644696
31830,-0.28190002849644696
31831,-0.1398477974028262
31832,-0.4562760900806967
31833,0.02077151916346421
31834,-0.002267863725088415
31835,-0.09165282504309175
31836,-0.19960012780205708
31837,1.7128910811809515
31838,1.7128910811809515
31839,-0.19960012780205708
31840,-0.17555865511103838
31841,-0.1887417538922131
31842,-0.4682491375135915
31843,0.4676768380205771
31844,1.023417973856121
31845,0.11074488441127223
31846,-0.2890873028045471
31847,0.2391292440784518
31848,1.7128910811809515
31849,0.12046940851845897
31850,-0.15903797510291942
31851,-0.09497939104421674
31852,0.03862085233022232
31853,-0.28190002849644696
31854,0.035409263492343745
31855,-0.28190002849644696
31856,-0.06932645042874297
31857,-0.28190002849644696
31858,-0.1398477974028262
31859,-0.4562760900806967
31860,0.02077151916346421
31861,-0.002267863725088415
31862,-0.5213969235340223
31863,-0.3699485145208094
31864,-0.5087805697144185
31865,-1.288911482144905
31866,-0.2730859396384972
31867,-1.288911482144905
31868,-1.1229404707872594
31869,-0.45157210482039345
31870,-0.657786081354519
31871,-0.2929006563299425
31872,-1.288911482144905
31873,0.4320036949486811
31874,0.1524963113273028
31875,0.4320036949486811
31876,0.1524963113273028
31877,0.07345206237659202
31878,-0.45446245700582827
31879,-0.07767273825126261
31880,-0.15185317911128027
31881,-0.28190002849644696
31882,-0.06932645042874297
31883,-0.1398477974028262
31884,-0.4562760900806967
31885,1.1391785927602711
31886,-0.48154057251496857
31887,-0.34794032914052947
31888,2.355904599272303
31889,2.355904599272303
31890,-0.4558876318994947
31891,2.355904599272303
31892,2.223704375167232
31893,-0.4558876318994947
31894,1.022118820493301
31895,-1.3787069485576906
31896,-0.5808548102126155
31897,-1.634493035438281
31898,-0.803148894209215
31899,1.7717005882925068
31900,-0.803148894209215
31901,-0.803148894209215
31902,1.395523426050931
31903,-0.17746498874287844
31904,-0.19960012780205708
31905,2.0849965333757607
31906,2.0849965333757607
31907,-0.19960012780205708
31908,-0.17555865511103838
31909,0.4071111945431072
31910,2.0849965333757607
31911,0.4676768380205771
31912,0.11074488441127223
31913,0.4071111945431072
31914,2.0849965333757607
31915,-0.11538914613351434
31916,-0.8652023141362849
31917,1.1194884930024367
31918,-0.8652023141362849
31919,0.3429439903418474
31920,-0.8652023141362849
31921,-0.04259131482685616
31922,1.395523426050931
31923,0.11074488441127223
31924,2.0849965333757607
31925,-1.1053313229073898
31926,-0.9568457697545568
31927,-1.3611174097879801
31928,-1.4019144474507628
31929,0.570956395969389
31930,-1.4019144474507628
31931,-1.1250412352254555
31932,0
31933,-1.3808273221060459
31934,-0.803148894209215
31935,-0.803148894209215
31936,-0.803148894209215
31937,-0.36969964959097795
31938,-0.700660287556216
31939,-0.06708050695143127
31940,-0.700660287556216
31941,-0.9302274681419099
31942,-0.781741914989077
31943,-0.8906156923160883
31944,-1.4019144474507628
31945,0.12048997271899883
31946,-1.4019144474507628
31947,-0.4655406787324341
31948,-0.9302274681419099
31949,-0.3315811330021816
31950,-0.9302274681419099
31951,-0.9817107702521582
31952,-0.9302274681419099
31953,0.4676768380205771
31954,1.395523426050931
31955,0.4071111945431072
31956,2.0849965333757607
31957,0.29916389178414193
31958,2.0849965333757607
31959,0.29916389178414193
31960,2.0849965333757607
31961,2.0849965333757607
31962,-0.4173450107585904
31963,-0.013115468208144935
31964,-0.6731310976391809
31965,0.7165536082749681
31966,-0.803148894209215
31967,0.10165720179313645
31968,-0.803148894209215
31969,0.12046940851845897
31970,0.7455559969656413
31971,-0.48154057251496857
31972,-0.34794032914052947
31973,0.7757722893981828
31974,-0.4558876318994947
31975,0.27297246632347594
31976,0.7757722893981828
31977,-0.4558876318994947
31978,0.7757722893981828
31979,-0.4558876318994947
31980,-0.33098363556568405
31981,0
31982,-0.3657896623072876
31983,0.28018594215785314
31984,1.395523426050931
31985,-0.17746498874287844
31986,-0.09165282504309175
31987,2.0849965333757607
31988,-0.19960012780205708
31989,0.6096150173104773
31990,2.0849965333757607
31991,-0.19960012780205708
31992,2.0849965333757607
31993,2.0849965333757607
31994,-0.19960012780205708
31995,-0.17555865511103838
31996,0.4676768380205771
31997,1.395523426050931
31998,0.11074488441127223
31999,0.4071111945431072
32000,2.0849965333757607
32001,0.29916389178414193
32002,0.6112346962732617
32003,2.0849965333757607
32004,2.0849965333757607
32005,2.0849965333757607
32006,0.12046940851845897
32007,0.7455559969656413
32008,-0.48154057251496857
32009,-0.34794032914052947
32010,0.7757722893981828
32011,-0.4558876318994947
32012,0.27297246632347594
32013,0.7757722893981828
32014,-0.4558876318994947
32015,0.7757722893981828
32016,0.6435720652931116
32017,-0.4558876318994947
32018,-0.33098363556568405
32019,-0.3657896623072876
32020,0.28018594215785314
32021,0.4676768380205771
32022,1.395523426050931
32023,-0.17746498874287844
32024,-0.09165282504309175
32025,2.0849965333757607
32026,-0.19960012780205708
32027,0
32028,0.6096150173104773
32029,2.0849965333757607
32030,-0.19960012780205708
32031,2.0849965333757607
32032,2.0849965333757607
32033,-0.19960012780205708
32034,-0.17555865511103838
32035,0.4676768380205771
32036,1.395523426050931
32037,0.11074488441127223
32038,0.4071111945431072
32039,2.0849965333757607
32040,0.4676768380205771
32041,1.395523426050931
32042,0.11074488441127223
32043,0.4071111945431072
32044,-2.8675570550834886
32045,-2.7190715019306553
32046,-2.827945279257667
32047,-1.4019144474507628
32048,0.17474589863751272
32049,-1.4019144474507628
32050,-2.5604758862534402
32051,-1.2455587419686087
32052,-1.4019144474507628
32053,-2.8675570550834886
32054,0
32055,-1.7632752869805415
32056,-1.4019144474507628
32057,-2.8675570550834886
32058,-1.4019144474507628
32059,-2.8675570550834886
32060,-2.311669551493333
32061,-2.8675570550834886
32062,-0.9229804437218091
32063,0.02514412685471709
32064,-0.803148894209215
32065,2.896998900372889
32066,1.7764670609278386
32067,-0.803148894209215
32068,0.4676768380205771
32069,1.395523426050931
32070,0.4071111945431072
32071,2.0849965333757607
32072,0
32073,0.29916389178414193
32074,0.6112346962732617
32075,0.29916389178414193
32076,2.0849965333757607
32077,0.4676768380205771
32078,1.395523426050931
32079,0.11074488441127223
32080,0
32081,-2.8675570550834886
32082,-2.7190715019306553
32083,-1.4019144474507628
32084,-0.06355793715753674
32085,0.9615791663939859
32086,-0.03162139284031232
32087,-0.021393501012552545
32088,-0.021393501012552545
32089,-0.1445508247524475
32090,2.3474854072689526
32091,-0.021393501012552545
32092,2.3474854072689526
32093,2.312056570018199
32094,-0.021393501012552545
32095,1.2516618060034075
32096,-0.03924283417931066
32097,0
32098,1.5161064377672744
32099,2.685200657448079
32100,0.3381312294966915
32101,0
32102,2.1664072941832595
32103,-1.7728676735284927
32104,3.8331738506876407
32105,-2.0588033145470512
32106,0.21468496745680693
32107,3.8331738506876407
32108,3.8331738506876407
32109,3.4600297632577606
32110,-1.7907170066952507
32111,0.6456651762801705
32112,2.044460055287578
32113,1.2601713255099092
32114,0.29916389178414193
32115,2.7339331626124084
32116,2.7339331626124084
32117,2.044460055287578
32118,0.5850995328027007
32119,2.7339331626124084
32120,-1.2455587419686087
32121,0.000523349516714993
32122,0.08633551321650174
32123,0
32124,2.7339331626124084
32125,-0.19960012780205708
32126,1.258551646547125
32127,-0.19960012780205708
32128,2.7339331626124084
32129,-0.19960012780205708
32130,0.002429683148555054
32131,-2.0900006125402784
32132,-1.9415150593874455
32133,-2.757612964817773
32134,-3.7269949019898085
32135,1.70169312532123
32136,-1.0799131059429428
32137,-0.33270358591471483
32138,-1.0672967521233392
32139,-0.700660287556216
32140,-0.700660287556216
32141,0.9419820900992519
32142,-0.700660287556216
32143,0.22824867905830298
32144,-0.700660287556216
32145,1.0428813115074171
32146,-0.7830494674804207
32147,1.9355446701307482
32148,0.28189224137733465
32149,1.9355446701307482
32150,0
32151,1.8129148519749423
32152,-1.0689851084989797
32153,0.7052156437915784
32154,1.021028293061305
32155,1.1218491231600343
32156,0.2887332226708657
32157,0.3396906606167206
32158,1.8113222304848644
32159,0.33756039338236493
32160,-1.0799131059429428
32161,-0.33270358591471483
32162,-1.0672967521233392
32163,-1.1732526597826967
32164,-0.9460691597421962
32165,0.6456651762801705
32166,1.1218491231600343
32167,0.000523349516714993
32168,0.08633551321650174
32169,1.8113222304848644
32170,-0.19960012780205708
32171,1.8113222304848644
32172,-0.19960012780205708
32173,1.8113222304848644
32174,1.8113222304848644
32175,0.002429683148555054
32176,0.000523349516714993
32177,1.8113222304848644
32178,-0.19960012780205708
32179,0.33594071441958057
32180,-0.19960012780205708
32181,1.8113222304848644
32182,1.8113222304848644
32183,-0.19960012780205708
32184,0.002429683148555054
32185,-0.8652023141362849
32186,1.414657254374381
32187,-1.1539324692850759
32188,0.8249226582969242
32189,0
32190,-0.8652023141362849
32191,0.22824867905830298
32192,0.8667850607390468
32193,-0.8652023141362849
32194,-0.8652023141362849
32195,-0.8288653378898246
32196,0.6456651762801705
32197,1.1218491231600343
32198,0.2887332226708657
32199,0.05375501959816177
32200,0
32201,0.33756039338236493
32202,1.8113222304848644
32203,0.6456651762801705
32204,0.2887332226708657
32205,-1.0799131059429428
32206,-0.33270358591471483
32207,-1.0479765616257184
32208,-0.8652023141362849
32209,1.414657254374381
32210,0.8249226582969242
32211,-0.8652023141362849
32212,0.8667850607390468
32213,-0.10666672148884002
32214,-0.8652023141362849
32215,-0.13707796637195055
32216,-0.8288653378898246
32217,0.4381856348276056
32218,0.25144040063618556
32219,0.33807098165393623
32220,1.4812839799938913
32221,0
32222,0.11726561758981853
32223,1.4812839799938913
32224,0.05213534063537745
32225,1.3586541618380854
32226,0.9918058379829449
32227,0.32022164848717816
32228,0.8705933065183502
32229,0.16082054099650944
32230,1.1654491831653278
32231,1.4812839799938913
32232,-2.0900006125402784
32233,-1.9415150593874455
32234,-1.7677947587697012
32235,-0.9410883758938671
32236,0.6456651762801705
32237,1.1218491231600343
32238,0.33594071441958057
32239,0
32240,-0.19960012780205708
32241,1.8113222304848644
32242,1.8113222304848644
32243,-0.19960012780205708
32244,-1.5764678891599972
32245,-1.4279823360071644
32246,0.9673876802797414
32247,-0.9410883758938671
32248,-1.9377208488066535
32249,-0.4831385724576695
32250,-1.0479765616257184
32251,-0.8652023141362849
32252,-1.3043674558280305
32253,0
32254,-0.8652023141362849
32255,-0.10666672148884002
32256,-0.8652023141362849
32257,-0.8288653378898246
32258,1.1218491231600343
32259,0.3396906606167206
32260,1.8113222304848644
32261,0
32262,0.05375501959816177
32263,0.33756039338236493
32264,-1.7677947587697012
32265,-0.9410883758938671
32266,-1.0799131059429428
32267,-1.0479765616257184
32268,-0.8652023141362849
32269,0
32270,-0.8652023141362849
32271,0.8249226582969242
32272,0.22824867905830298
32273,-0.8652023141362849
32274,-0.8652023141362849
32275,0.6456651762801705
32276,0.2887332226708657
32277,0.3396906606167206
32278,0.6456651762801705
32279,1.1218491231600343
32280,0.3396906606167206
32281,1.8113222304848644
32282,-1.0799131059429428
32283,-0.4831385724576695
32284,-0.9460691597421962
32285,1.414657254374381
32286,-0.9460691597421962
32287,-1.3236876463256513
32288,0.8249226582969242
32289,-0.9460691597421962
32290,0.8667850607390468
32291,-0.9460691597421962
32292,-0.06355793715753674
32293,0.3839880791207663
32294,0
32295,-0.26680237319853267
32296,1.4839413588367643
32297,1.1462261086576377
32298,-0.26680237319853267
32299,0.6894238540088262
32300,0.16707039161448572
32301,1.4839413588367643
32302,0.09272235731071135
32303,0.6456651762801705
32304,0
32305,1.1218491231600343
32306,0.2887332226708657
32307,1.8113222304848644
32308,0.05375501959816177
32309,0.33756039338236493
32310,1.8113222304848644
32311,-0.4288759168475787
32312,-0.06072941038683405
32313,-0.4020679257834136
32314,-0.551682690199899
32315,-0.11434318622318856
32316,-0.3423228226523195
32317,0.6456651762801705
32318,1.1218491231600343
32319,0.2887332226708657
32320,1.8113222304848644
32321,0.2984577467780524
32322,-0.020958156310619452
32323,0.13876879508436038
32324,0.2301543465378759
32325,-0.14716684593419838
32326,0.13145725483437998
32327,0.2301543465378759
32328,-0.14716684593419838
32329,0.2301543465378759
32330,0.10752452838207008
32331,-0.14716684593419838
32332,-0.11976256926764964
32333,0.12091946191760228
32334,0.5000885955446963
32335,0.2887332226708657
32336,1.8113222304848644
32337,0.33756039338236493
32338,1.8113222304848644
32339,1.8113222304848644
32340,0.034658628464320995
32341,0.6456651762801705
32342,1.1218491231600343
32343,0.2887332226708657
32344,0.3396906606167206
32345,1.8113222304848644
32346,0.05375501959816177
32347,0.33756039338236493
32348,1.8113222304848644
32349,0.2984577467780524
32350,-0.020958156310619452
32351,0.13876879508436038
32352,0.2301543465378759
32353,-0.14716684593419838
32354,0.13145725483437998
32355,-0.14716684593419838
32356,0.2301543465378759
32357,-0.11976256926764964
32358,0.22071941068021705
32359,0.36920496383304996
32360,-0.9410883758938671
32361,0.1250847570152423
32362,-0.9410883758938671
32363,-0.7237058255787325
32364,0.2163777038156176
32365,0.22071941068021705
32366,0.28766735559706286
32367,-0.9410883758938671
32368,0.22071941068021705
32369,0.22071941068021705
32370,0.22071941068021705
32371,0.034658628464320995
32372,-0.05424151051065457
32373,0.6456651762801705
32374,1.1218491231600343
32375,0.2887332226708657
32376,1.8113222304848644
32377,0.05375501959816177
32378,1.1218491231600343
32379,0.05375501959816177
32380,0.33756039338236493
32381,0.05375501959816177
32382,0
32383,1.8113222304848644
32384,1.8113222304848644
32385,0.6456651762801705
32386,1.1218491231600343
32387,0.2887332226708657
32388,1.8113222304848644
32389,0.05375501959816177
32390,0.33756039338236493
32391,1.8113222304848644
32392,1.1218491231600343
32393,0.2887332226708657
32394,0.3396906606167206
32395,0.05375501959816177
32396,0.33756039338236493
32397,1.8113222304848644
32398,0.05375501959816177
32399,1.8113222304848644
32400,-0.16088147204729517
32401,-0.012395918894462205
32402,0.34025859587429846
32403,-0.016673357735006385
32404,1.8113222304848644
32405,-0.0033533938095189897
32406,0.21315304762137754
32407,-0.006948833627819645
32408,-0.053966179769686595
32409,0.11726561758981853
32410,0.2301543465378759
32411,0.2301543465378759
32412,0.10752452838207008
32413,0.16082054099650944
32414,0.03506438970022752
32415,0.2301543465378759
32416,0.34025859587429846
32417,1.1218491231600343
32418,-0.016673357735006385
32419,0.03428408021084843
32420,1.8113222304848644
32421,-0.41200834547315707
32422,-0.043861839012412446
32423,-0.9460691597421962
32424,-0.42140913573107075
32425,-0.9460691597421962
32426,-0.9468539820796851
32427,-0.5310345161625966
32428,-0.6223707520599587
32429,-0.35450447991121187
32430,-0.9460691597421962
32431,0.34025859587429846
32432,1.1218491231600343
32433,-0.016673357735006385
32434,0.03428408021084843
32435,1.8113222304848644
32436,0.05375501959816177
32437,1.8113222304848644
32438,-0.006948833627819645
32439,0.20955760780307686
32440,-0.053966179769686595
32441,0.03266440124806411
32442,-0.15848760492874298
32443,0.05213534063537745
32444,-0.15848760492874298
32445,0.05213534063537745
32446,-0.15848760492874298
32447,0.05213534063537745
32448,0.16082054099650944
32449,0.03506438970022752
32450,-0.15848760492874298
32451,-0.06355793715753674
32452,0.15536005209623754
32453,-0.26680237319853267
32454,-0.5265003356178671
32455,-0.26680237319853267
32456,-0.2949858112954022
32457,-0.4935454762649964
32458,-0.4935454762649964
32459,-0.260488202307054
32460,-0.13555435905040186
32461,-0.2846517063652908
32462,0.13807291160910717
32463,0.16707039161448572
32464,-0.021544713829489588
32465,-0.5265003356178671
32466,0.09272235731071135
32467,1.1218491231600343
32468,-0.21907106718937033
32469,1.8113222304848644
32470,1.8113222304848644
32471,1.8113222304848644
32472,1.8113222304848644
32473,-0.19960012780205708
32474,0.15536005209623754
32475,-0.26680237319853267
32476,-0.5265003356178671
32477,-0.2949858112954022
32478,-0.4935454762649964
32479,-0.26680237319853267
32480,-0.2846517063652908
32481,-0.5265003356178671
32482,0.09272235731071135
32483,-0.053966179769686595
32484,1.1218491231600343
32485,-0.016673357735006385
32486,0.03428408021084843
32487,1.8113222304848644
32488,0.05375501959816177
32489,0.33756039338236493
32490,1.8113222304848644
32491,0.34025859587429846
32492,1.1218491231600343
32493,-0.016673357735006385
32494,0.03428408021084843
32495,1.8113222304848644
32496,0.05375501959816177
32497,0.33756039338236493
32498,1.8113222304848644
32499,0.05375501959816177
32500,1.8113222304848644
32501,1.8113222304848644
32502,0.34025859587429846
32503,-0.016673357735006385
32504,0.03428408021084843
32505,0.05375501959816177
32506,0.33756039338236493
32507,1.8113222304848644
32508,0
32509,0.05375501959816177
32510,-0.016673357735006385
32511,0.03428408021084843
32512,0
32513,0.05375501959816177
32514,1.8113222304848644
32515,0.15343533807988569
32516,0.34025859587429846
32517,-0.016673357735006385
32518,0.03428408021084843
32519,0.33756039338236493
32520,1.8113222304848644
32521,0.05375501959816177
32522,1.8113222304848644
32523,1.8113222304848644
32524,-0.06355793715753674
32525,0.15536005209623754
32526,-0.03162139284031232
32527,-0.13297633038311266
32528,-0.26680237319853267
32529,-0.2949858112954022
32530,-0.10002147103024206
32531,-0.26680237319853267
32532,0.06619388900269191
32533,-0.2846517063652908
32534,0.16707039161448572
32535,0.09272235731071135
32536,0.004949784927052711
32537,0.15343533807988569
32538,-0.07708548845295173
32539,0.1250847570152423
32540,-0.9410883758938671
32541,-0.7237058255787325
32542,0.0006080780624532905
32543,-0.9410883758938671
32544,0.004949784927052711
32545,0.28766735559706286
32546,-0.9410883758938671
32547,0.004949784927052711
32548,-0.9410883758938671
32549,0.004949784927052711
32550,0.004949784927052711
32551,0.34025859587429846
32552,0.03428408021084843
32553,1.1218491231600343
32554,-0.016673357735006385
32555,1.8113222304848644
32556,0.05375501959816177
32557,0.33756039338236493
32558,1.8113222304848644
32559,0
32560,0.05375501959816177
32561,-0.01638670306595064
32562,0.01643474704409032
32563,0.3089070393963014
32564,0.34025859587429846
32565,0.34025859587429846
32566,0.33756039338236493
32567,0.05375501959816177
32568,-0.01638670306595064
32569,0.34025859587429846
32570,1.8113222304848644
32571,0.01643474704409032
32572,-0.280621188999198
32573,0.15343533807988569
32574,-0.01638670306595064
32575,0.01643474704409032
32576,0.34025859587429846
32577,0.3089070393963014
32578,0.34025859587429846
32579,1.8113222304848644
32580,0.01643474704409032
32581,0.34025859587429846
32582,0.0006080780624532905
32583,0.004949784927052711
32584,0.28766735559706286
32585,0.15343533807988569
32586,1.8113222304848644
32587,-0.01638670306595064
32588,0.01643474704409032
32589,0.34025859587429846
32590,1.8113222304848644
32591,0.34025859587429846
32592,0.01643474704409032
32593,0.34025859587429846
32594,0.3089070393963014
32595,0.34025859587429846
32596,1.8113222304848644
32597,0.34025859587429846
32598,-0.01638670306595064
32599,0.01643474704409032
32600,0.34025859587429846
32601,0.3089070393963014
32602,1.8113222304848644
32603,0.01643474704409032
32604,0.34025859587429846
32605,1.8113222304848644
32606,1.8113222304848644
32607,0
32608,0.05375501959816177
32609,-0.01638670306595064
32610,0.34025859587429846
32611,1.8113222304848644
32612,0.01643474704409032
32613,0.34025859587429846
32614,0.015652707961297453
32615,0.4142772165685969
32616,0.015652707961297453
32617,0.03556135740788511
32618,0.4578321399752879
32619,0.5062163015690464
32620,0.3045854528024025
32621,0.1208610574081192
32622,-0.23445485355598894
32623,-0.23445485355598894
32624,0.34025859587429846
32625,0.32770679971461275
32626,0.34025859587429846
32627,1.8113222304848644
32628,-0.23692040035612844
32629,0.34025859587429846
32630,-0.41978712143085833
32631,-0.29122653700551104
32632,-0.3262895436590998
32633,-0.5515678865729241
32634,-0.49441856931745326
32635,-0.14016019589056622
32636,-0.29122653700551104
32637,0.1423392487629956
32638,-0.06669529596207541
32639,-0.41978712143085833
32640,0.0861475266704911
32641,1.8113222304848644
32642,0.05375501959816177
32643,0.01643474704409032
32644,0.3089070393963014
32645,0.34025859587429846
32646,1.8113222304848644
32647,0.01643474704409032
32648,0.34025859587429846
32649,-0.49441856931745326
32650,-0.29122653700551104
32651,-0.9460691597421962
32652,-0.24182742302595023
32653,-0.42140913573107075
32654,-0.26352279232032416
32655,-0.15848760492874298
32656,0
32657,-0.7237058255787325
32658,-0.9410883758938671
32659,-0.0648515632460337
32660,0.36920496383304996
32661,0.33756039338236493
32662,1.8113222304848644
32663,0.05375501959816177
32664,1.8113222304848644
32665,0.05375501959816177
32666,0.01643474704409032
32667,0.34025859587429846
32668,0.3089070393963014
32669,0.34025859587429846
32670,0.34025859587429846
32671,-0.2539257929433023
32672,0.2301543465378759
32673,-0.23445485355598894
32674,0.1208610574081192
32675,0.2301543465378759
32676,-0.23445485355598894
32677,0.06399000335607842
32678,-0.23445485355598894
32679,-0.46870367469951346
32680,0.1644159808148101
32681,-0.008470135325764142
32682,0.2301543465378759
32683,-0.2717751261100604
32684,-0.0033533938095189897
32685,0.05375501959816177
32686,1.8113222304848644
32687,1.8113222304848644
32688,0.05375501959816177
32689,-0.01638670306595064
32690,0.01643474704409032
32691,0.34025859587429846
32692,0.3089070393963014
32693,0.34025859587429846
32694,1.8113222304848644
32695,0.01643474704409032
32696,0.34025859587429846
32697,0.11095243401778912
32698,-0.07677197497289814
32699,-0.29122653700551104
32700,-0.031145169964239487
32701,-0.29122653700551104
32702,-0.3262895436590998
32703,-0.1629259351063052
32704,-0.29122653700551104
32705,-0.10577661785083442
32706,-0.14016019589056622
32707,-0.29122653700551104
32708,-0.18070494118298772
32709,-0.29122653700551104
32710,-0.031145169964239487
32711,-0.1087085192901226
32712,-0.9410883758938671
32713,-0.05131666382257415
32714,-0.9410883758938671
32715,0.04135301669917685
32716,-0.2713840584373002
32717,-0.11826460873941991
32718,-0.21389926240439472
32719,-0.0648515632460337
32720,0.28901987733992146
32721,0.3218413274499624
32722,0.3089070393963014
32723,0.6456651762801705
32724,1.8113222304848644
32725,1.8113222304848644
32726,0.05375501959816177
32727,0.28901987733992146
32728,0.3218413274499624
32729,0.6456651762801705
32730,1.8113222304848644
32731,0.3218413274499624
32732,0.28901987733992146
32733,0.6456651762801705
32734,0
32735,0.28901987733992146
32736,0.6456651762801705
32737,0.3089070393963014
32738,0.3218413274499624
32739,0.6456651762801705
32740,-0.23445485355598894
32741,-0.1465335007239129
32742,-0.23445485355598894
32743,0.2301543465378759
32744,0.0336314542958117
32745,-0.10297857731722201
32746,0.296936445080108
32747,0.0336314542958117
32748,-0.0648515632460337
32749,0.36920496383304996
32750,0.34047097010609967
32751,0.2301543465378759
32752,0.12091946191760228
32753,1.8113222304848644
32754,0.05375501959816177
32755,0.28901987733992146
32756,0.6456651762801705
32757,0.3089070393963014
32758,0
32759,0.6456651762801705
32760,1.8113222304848644
32761,0.6456651762801705
32762,0.051480787462569816
32763,0.2301543465378759
32764,-0.23445485355598894
32765,-0.23445485355598894
32766,0.0336314542958117
32767,0.296936445080108
32768,0.2301543465378759
32769,0.034658628464320995
32770,0.6456651762801705
32771,0.3089070393963014
32772,0.6456651762801705
32773,1.8113222304848644
32774,0.3218413274499624
32775,0.6456651762801705
32776,0.34047097010609967
32777,0.2301543465378759
32778,0.12091946191760228
32779,0.2984577467780524
32780,0.33756039338236493
32781,1.8113222304848644
32782,1.8113222304848644
32783,1.8113222304848644
32784,0.05375501959816177
32785,0.28901987733992146
32786,0.3089070393963014
32787,1.8113222304848644
32788,0.3218413274499624
32789,-0.14016019589056622
32790,-0.280607745452704
32791,-0.006980474793194996
32792,-0.22177539891159082
32793,-0.031145169964239487
32794,-0.0648515632460337
32795,-0.031145169964239487
32796,-0.29122653700551104
32797,-0.3262895436590998
32798,-0.29122653700551104
32799,0
32800,-0.14016019589056622
32801,-0.29122653700551104
32802,-0.29122653700551104
32803,0.09292232947652135
32804,0.1423392487629956
32805,1.8113222304848644
32806,1.8113222304848644
32807,0.05375501959816177
32808,0.6456651762801705
32809,0.3089070393963014
32810,0.6456651762801705
32811,1.8113222304848644
32812,0.3218413274499624
32813,-0.9460691597421962
32814,-0.2875129529149052
32815,-0.909732183495736
32816,0.007342923732072265
32817,1.414657254374381
32818,0
32819,-0.9314275527901099
32820,0.33756039338236493
32821,1.8113222304848644
32822,1.8113222304848644
32823,0.05375501959816177
32824,0.28901987733992146
32825,0.3218413274499624
32826,0.6456651762801705
32827,0.6456651762801705
32828,1.8113222304848644
32829,0.3218413274499624
32830,0.6456651762801705
32831,0.3251574220904123
32832,-0.09119501392480367
32833,-0.29122653700551104
32834,1.8049212201412124
32835,-0.29122653700551104
32836,0
32837,1.4672165081455406
32838,0.6298502329243348
32839,0.3251574220904123
32840,-0.09119501392480367
32841,-0.29122653700551104
32842,-0.29122653700551104
32843,-0.3262895436590998
32844,-0.29122653700551104
32845,1.1309299766532754
32846,1.4672165081455406
32847,-0.29122653700551104
32848,-0.29122653700551104
32849,0.4490040014982698
32850,0.1279162098110901
32851,0.7438598781452471
32852,1.8049212201412124
32853,0.0861475266704911
32854,-0.12313155824202812
32855,0.33756039338236493
32856,0.05375501959816177
32857,1.8113222304848644
32858,0.3218413274499624
32859,0.6456651762801705
32860,-0.9314275527901099
32861,-0.7571862772329746
32862,-2.0900006125402784
32863,-0.9410883758938671
32864,0
32865,-2.0900006125402784
32866,0.09153596482879947
32867,-0.5247575364622521
32868,0.28901987733992146
32869,0.3218413274499624
32870,0.6456651762801705
32871,0.3089070393963014
32872,0.6456651762801705
32873,1.8113222304848644
32874,-0.9375008398174227
32875,-0.9375008398174227
32876,-0.9410883758938671
32877,-0.8551521767193583
32878,0
32879,-0.9375008398174227
32880,-1.4279823360071644
32881,0.6456651762801705
32882,0.6456651762801705
32883,-1.8792076522086085
32884,-0.7571862772329746
32885,-2.0900006125402784
32886,-1.1924765848752172
32887,-0.9410883758938671
32888,-2.0900006125402784
32889,0
32890,-1.0732870373932273
32891,-2.0900006125402784
32892,0.09153596482879947
32893,-0.5247575364622521
32894,-1.9415150593874455
32895,0.2984577467780524
32896,1.414657254374381
32897,0
32898,-0.18988382872035248
32899,-0.9314275527901099
32900,0.33756039338236493
32901,0.05375501959816177
32902,0.6456651762801705
32903,0
32904,0.3218413274499624
32905,0.6456651762801705
32906,1.8113222304848644
32907,0.28901987733992146
32908,0.3218413274499624
32909,0.6456651762801705
32910,1.8113222304848644
32911,1.414657254374381
32912,-0.18988382872035248
32913,-0.9314275527901099
32914,0.6456651762801705
32915,0.32770679971461275
32916,0
32917,0.6456651762801705
32918,1.8113222304848644
32919,0.6456651762801705
32920,0.32770679971461275
32921,0.06848618004974363
32922,-0.909732183495736
32923,0.15777791027502697
32924,1.414657254374381
32925,-0.9314275527901099
32926,1.8113222304848644
32927,1.8113222304848644
32928,0.3218413274499624
32929,0.6456651762801705
32930,0.3089070393963014
32931,0.6456651762801705
32932,1.8113222304848644
32933,0.3218413274499624
32934,0.6456651762801705
32935,-0.8008988006471788
32936,-0.700660287556216
32937,1.7225528712197224
32938,-0.02534180214028374
32939,0.29688965964855
32940,2.858155602258292
32941,0.01095401862999118
32942,2.858155602258292
32943,2.6919912590764947
32944,0.01095401862999118
32945,0.6616811187655868
32946,0
32947,0.9774937680353133
32948,1.2723496446822908
32949,2.858155602258292
32950,0.034658628464320995
32951,-3.7269949019898085
32952,-0.6401268454306469
32953,-3.7269949019898085
32954,-1.1924765848752172
32955,-3.7269949019898085
32956,-2.0900006125402784
32957,-3.7269949019898085
32958,-3.8591935634891685
32959,0.3994315816741407
32960,-3.3106640625581933
32961,-1.9415150593874455
32962,1.250317731842157
32963,0.6456651762801705
32964,2.7339331626124084
32965,0.06848618004974363
32966,0.6456651762801705
32967,-0.29122653700551104
32968,1.9219806519435403
32969,-0.29122653700551104
32970,0.6298502329243348
32971,0.5994389880412244
32972,0.8942948646882019
32973,-3.517421802996079
32974,-2.5469469559254074
32975,0.29916389178414193
32976,0.6456651762801705
32977,0.28901987733992146
32978,0.6456651762801705
32979,1.4769268437098257
32980,0.6456651762801705
32981,0.6765074591816651
32982,-0.09119501392480367
32983,-0.29122653700551104
32984,-0.29122653700551104
32985,2.3945480256988256
32986,2.1059482250826242
32987,0
32988,1.1920881849189162
32989,-0.29122653700551104
32990,1.4565328166827831
32991,2.896998900372889
32992,0.0861475266704911
32993,-0.12313155824202812
32994,3.8331738506876407
32995,0.2984577467780524
32996,-1.4019144474507628
32997,-1.7632752869805415
32998,-1.4019144474507628
32999,-2.8675570550834886
33000,-2.311669551493333
33001,0.17474589863751272
33002,-1.1923413484570335
33003,-2.7190715019306553
33004,2.0849965333757607
33005,2.0849965333757607
33006,2.0849965333757607
33007,0.29916389178414193
33008,0.11103153908032798
33009,0.3892618613763491
33010,0.4676768380205771
33011,0.4676768380205771
33012,2.0849965333757607
33013,0.11103153908032798
33014,0.3892618613763491
33015,0.4676768380205771
33016,2.0849965333757607
33017,0.4676768380205771
33018,2.191720487300815
33019,0
33020,-0.803148894209215
33021,0.4255216669950957
33022,-0.803148894209215
33023,0.1580267680911665
33024,0.6899662987589626
33025,-1.1923413484570335
33026,-0.7744948905689761
33027,-1.1923413484570335
33028,-2.7190715019306553
33029,0.6112346962732617
33030,2.0849965333757607
33031,0.29916389178414193
33032,2.0849965333757607
33033,2.0849965333757607
33034,0.29916389178414193
33035,0.11103153908032798
33036,0.3892618613763491
33037,0.4676768380205771
33038,0.8279902144731783
33039,0.4676768380205771
33040,0
33041,2.0849965333757607
33042,0.3892618613763491
33043,0.4676768380205771
33044,2.0849965333757607
33045,0.29916389178414193
33046,2.0849965333757607
33047,2.0849965333757607
33048,0.29916389178414193
33049,0.11103153908032798
33050,0.3892618613763491
33051,0.4676768380205771
33052,0.8279902144731783
33053,0.4676768380205771
33054,2.0849965333757607
33055,0.3892618613763491
33056,0.4676768380205771
33057,0.4676768380205771
33058,0.6013811026055095
33059,0.4676768380205771
33060,2.0849965333757607
33061,-0.10950215820984985
33062,0.4676768380205771
33063,0.2796848903510199
33064,0.7757722893981828
33065,-0.3657896623072876
33066,0.12046940851845897
33067,0.11103153908032798
33068,0.3892618613763491
33069,0.4676768380205771
33070,0
33071,0.8279902144731783
33072,0.4676768380205771
33073,2.0849965333757607
33074,0.3892618613763491
33075,0.4676768380205771
33076,0.4676768380205771
33077,0.6013811026055095
33078,0.4676768380205771
33079,2.0849965333757607
33080,-0.10950215820984985
33081,0.4676768380205771
33082,0.2796848903510199
33083,0.7757722893981828
33084,-0.3657896623072876
33085,-0.09119501392480367
33086,-0.29122653700551104
33087,0.7165536082749681
33088,-0.29122653700551104
33089,-0.17585455711614512
33090,-0.29122653700551104
33091,-0.07449706701529668
33092,0.25221905852770315
33093,-0.29122653700551104
33094,-0.2283607081733342
33095,-0.29122653700551104
33096,0.036584975397366055
33097,0
33098,0.1279162098110901
33099,0.036083923590532786
33100,0.7165536082749681
33101,0.0861475266704911
33102,-0.12313155824202812
33103,0.25221905852770315
33104,-0.803148894209215
33105,-0.4892917931339361
33106,-0.2243461095632358
33107,-0.671070564379498
33108,0.7165536082749681
33109,-0.6867059154938147
33110,-0.26885945760575747
33111,0.11103153908032798
33112,0.3892618613763491
33113,0.4676768380205771
33114,0.8279902144731783
33115,0.4676768380205771
33116,2.0849965333757607
33117,0.3892618613763491
33118,0.4676768380205771
33119,-0.6867059154938147
33120,-0.781741914989077
33121,-0.4188000970884496
33122,-0.19620920365061723
33123,-0.41930114889528286
33124,0.2562210484014707
33125,-0.4633134451309713
33126,-0.010746081980651773
33127,-0.23455352706103982
33128,-0.29122653700551104
33129,0.4652192350745538
33130,-0.29122653700551104
33131,-0.03723163959950886
33132,-0.07449706701529668
33133,0.108860545391467
33134,-0.29122653700551104
33135,-0.37171922130957036
33136,0
33137,-0.015442303325146088
33138,-0.2664900713782643
33139,0.808950597704103
33140,-0.803148894209215
33141,-0.34342702226620614
33142,-1.378766788846363
33143,-0.07898239050233921
33144,1.4525356868947106
33145,-0.9638172273169231
33146,-0.9765556820726228
33147,-1.4019144474507628
33148,-0.7086390633765154
33149,-0.10653237306984614
33150,-0.7086390633765154
33151,-0.9786440892797832
33152,-1.45221248772405
33153,-0.7086390633765154
33154,0.570956395969389
33155,-0.9638172273169231
33156,1.4525356868947106
33157,-0.29122653700551104
33158,-0.29122653700551104
33159,0.808950597704103
33160,-0.29122653700551104
33161,0.19461537451750405
33162,1.4525356868947106
33163,0.0861475266704911
33164,-0.5537164708857849
33165,2.0849965333757607
33166,0.29916389178414193
33167,2.0849965333757607
33168,2.0849965333757607
33169,0.29916389178414193
33170,0.11103153908032798
33171,0.4676768380205771
33172,0.8279902144731783
33173,0.4676768380205771
33174,2.0849965333757607
33175,0.3892618613763491
33176,0.4676768380205771
33177,2.0849965333757607
33178,2.0849965333757607
33179,2.0849965333757607
33180,0.29916389178414193
33181,0.11103153908032798
33182,0.4676768380205771
33183,0.8279902144731783
33184,2.0849965333757607
33185,0.3892618613763491
33186,0.4676768380205771
33187,-0.10950215820984985
33188,1.1281154991018996
33189,-0.803148894209215
33190,-0.3547394123344047
33191,-1.6324325021785984
33192,0.07555255425570595
33193,-1.1284471839566743
33194,-1.2302213954048578
33195,1.4524107870834113
33196,2.355904599272303
33197,-0.3657896623072876
33198,-0.09762649627106677
33199,-0.28190002849644696
33200,0.02077151916346421
33201,-0.2839902114833891
33202,-0.2550165230265446
33203,-0.29122653700551104
33204,-0.2142912009449151
33205,-0.5712320023594553
33206,-0.44309111896281045
33207,-0.3168604313948148
33208,-0.29122653700551104
33209,-0.5174746717900877
33210,-0.29122653700551104
33211,-0.03590529929065084
33212,-0.2142912009449151
33213,0.0861475266704911
33214,-1.0153532659800109
33215,-0.892688589981862
33216,-0.2906497748062372
33217,-0.040014159922608414
33218,-0.2906497748062372
33219,-1.0153532659800109
33220,-0.2906497748062372
33221,-0.24294825704735035
33222,0.10857010713711544
33223,-0.22578497042313084
33224,-0.1421642216534042
33225,-0.2839902114833891
33226,0
33227,-0.29122653700551104
33228,-0.44309111896281045
33229,-0.29122653700551104
33230,-0.5174746717900877
33231,-0.40969033958731643
33232,-0.03590529929065084
33233,-0.2142912009449151
33234,-0.1720187084990249
33235,-0.29070698176733145
33236,0.21426212170056452
33237,-0.1720187084990249
33238,-0.029966477405404132
33239,-0.29070698176733145
33240,-0.05980457589190823
33241,-0.20060901217512428
33242,0.18900589510940077
33243,0.3092664227051338
33244,-0.1720187084990249
33245,-0.20060901217512428
33246,0.4320036949486811
33247,-0.1720187084990249
33248,-0.29070698176733145
33249,0.21426212170056452
33250,-0.29070698176733145
33251,-0.1720187084990249
33252,-0.029966477405404132
33253,-0.20060901217512428
33254,0.3092664227051338
33255,0.18900589510940077
33256,0.3092664227051338
33257,-0.1720187084990249
33258,-0.20060901217512428
33259,0.4320036949486811
33260,-1.288911482144905
33261,-0.5216110966487892
33262,-0.2730859396384972
33263,-0.6135929967289727
33264,-0.3729113703811892
33265,-0.09762649627106677
33266,-0.28190002849644696
33267,0.02077151916346421
33268,0.12046940851845897
33269,1.7128910811809515
33270,-0.2890873028045471
33271,0.11103153908032798
33272,-0.19898933321233994
33273,0.4676768380205771
33274,0
33275,0.4676768380205771
33276,1.7128910811809515
33277,0.4676768380205771
33278,0.04433375209616687
33279,-0.040014159922608414
33280,-1.0153532659800109
33281,-0.2906497748062372
33282,-0.22578497042313084
33283,-0.1421642216534042
33284,-0.46934987319973254
33285,-0.28190002849644696
33286,-0.32674083556505407
33287,-0.5772971759586978
33288,-0.6431691282429246
33289,-0.4871992063664906
33290,-0.18916090188731627
33291,-0.4172168662800497
33292,-0.28451953443329464
33293,-0.4871992063664906
33294,-0.1887417538922131
33295,0.4676768380205771
33296,0.4676768380205771
33297,1.7128910811809515
33298,-0.10950215820984985
33299,0.4676768380205771
33300,-0.29122653700551104
33301,-0.2142912009449151
33302,-0.29122653700551104
33303,-0.5712320023594553
33304,-0.44309111896281045
33305,-0.29122653700551104
33306,-0.29122653700551104
33307,-0.03590529929065084
33308,-0.5050489721332947
33309,0.0861475266704911
33310,-0.286953067343769
33311,-0.09762649627106677
33312,-0.28190002849644696
33313,0.02077151916346421
33314,-0.09762649627106677
33315,-0.28190002849644696
33316,-1.288911482144905
33317,-0.4351071154335451
33318,-0.6185888478961483
33319,-0.3703861240323765
33320,0.29662587589567824
33321,-0.6135929967289727
33322,0.11103153908032798
33323,-0.19898933321233994
33324,0.0400807945304143
33325,1.7128910811809515
33326,-0.19898933321233994
33327,-0.2890873028045471
33328,0.11103153908032798
33329,-0.19898933321233994
33330,0.4676768380205771
33331,0.0400807945304143
33332,-0.19898933321233994
33333,-1.288911482144905
33334,-0.6185888478961483
33335,-0.3703861240323765
33336,0.29662587589567824
33337,-0.6135929967289727
33338,-1.288911482144905
33339,-0.6185888478961483
33340,0.29662587589567824
33341,-0.4698891216285483
33342,-0.7287296831961652
33343,0
33344,-0.25514183920145217
33345,-0.9258106101317032
33346,-0.24271613954465923
33347,-0.5980187143710123
33348,-0.02819063425320774
33349,-0.2550165230265446
33350,-0.29122653700551104
33351,0.6112201918194418
33352,0.3824202738015464
33353,-0.29122653700551104
33354,0.32469185042025384
33355,0
33356,0.08209123673017987
33357,-0.29122653700551104
33358,0.029795944985804304
33359,-0.03590529929065084
33360,0.6112201918194418
33361,0.0861475266704911
33362,-0.19898933321233994
33363,0.4676768380205771
33364,0.33286881394707546
33365,0.4676768380205771
33366,2.0056791005976122
33367,0
33368,-1.3274952364377128
33369,0.08469205632757285
33370,-1.3274952364377128
33371,-0.688588695451795
33372,-0.4131454548628101
33373,0.5319172634951129
33374,2.0056791005976122
33375,0
33376,2.0056791005976122
33377,0.11103153908032798
33378,0.33286881394707546
33379,0.4676768380205771
33380,-0.19898933321233994
33381,0.4676768380205771
33382,0.5784292394791797
33383,2.0056791005976122
33384,2.0056791005976122
33385,-0.2890873028045471
33386,-0.19898933321233994
33387,0.33286881394707546
33388,0.4676768380205771
33389,2.0056791005976122
33390,0
33391,0.4676768380205771
33392,0.4676768380205771
33393,0.5220636698273606
33394,0.4676768380205771
33395,2.0056791005976122
33396,-0.10950215820984985
33397,0.4676768380205771
33398,-1.288911482144905
33399,-0.17930753820336368
33400,-0.6185888478961483
33401,-0.11458654680219515
33402,-0.011929290667827691
33403,-0.46934987319973254
33404,1.301154985118686
33405,0.08502176473220058
33406,1.301154985118686
33407,1.301154985118686
33408,-0.5772971759586978
33409,-0.12442884686338863
33410,0.315046374086973
33411,1.301154985118686
33412,2.0056791005976122
33413,2.0056791005976122
33414,-0.2890873028045471
33415,0.11103153908032798
33416,0.4676768380205771
33417,0.4676768380205771
33418,2.0056791005976122
33419,-0.19898933321233994
33420,0.4676768380205771
33421,-0.5382892806245586
33422,-1.288911482144905
33423,-0.11458654680219515
33424,-0.011929290667827691
33425,0.5319172634951129
33426,-0.2890873028045471
33427,0.11103153908032798
33428,0.4676768380205771
33429,2.0056791005976122
33430,-0.19898933321233994
33431,0.11103153908032798
33432,0.4676768380205771
33433,0.33286881394707546
33434,0.4676768380205771
33435,-0.29122653700551104
33436,0.840175607706795
33437,0.6113756896888995
33438,0.5536472663076071
33439,0.5086509613695421
33440,-0.29122653700551104
33441,0.029795944985804304
33442,-0.03590529929065084
33443,0.09451693638697282
33444,0.17100676361695155
33445,-0.2890873028045471
33446,2.0056791005976122
33447,-0.2890873028045471
33448,0.11103153908032798
33449,-0.19898933321233994
33450,0.4676768380205771
33451,0.33286881394707546
33452,0.4676768380205771
33453,0.5784292394791797
33454,-0.31776771639453094
33455,0.3302540746346557
33456,-0.27870972716260806
33457,-0.22439793208401101
33458,1.301154985118686
33459,-0.5772971759586978
33460,-0.5772971759586978
33461,1.301154985118686
33462,1.0273587621627258
33463,-0.5772971759586978
33464,1.301154985118686
33465,-0.4871992063664906
33466,-0.31776771639453094
33467,0.020627762804613814
33468,0.3302540746346557
33469,-0.27870972716260806
33470,-0.22439793208401101
33471,-0.19898933321233994
33472,0.4676768380205771
33473,0.33286881394707546
33474,0.4676768380205771
33475,2.0056791005976122
33476,-0.19898933321233994
33477,0.4676768380205771
33478,0.5019394122492008
33479,1.301154985118686
33480,-0.29137045129423766
33481,0.11103153908032798
33482,0
33483,0.4676768380205771
33484,0
33485,0.11103153908032798
33486,0.4676768380205771
33487,0.33286881394707546
33488,-0.19898933321233994
33489,0.5524254531258596
33490,-0.3623310555610874
33491,2.0056791005976122
33492,2.0056791005976122
33493,-0.19898933321233994
33494,0.4676768380205771
33495,0.33286881394707546
33496,0.4676768380205771
33497,2.0056791005976122
33498,-0.19898933321233994
33499,0.4676768380205771
33500,1.2509566811689614
33501,-0.29070698176733145
33502,0.6912445261216511
33503,1.2509566811689614
33504,-0.29070698176733145
33505,0
33506,1.164053496375229
33507,-0.29070698176733145
33508,0.48179391452606185
33509,0.7487527072782545
33510,1.2509566811689614
33511,-0.20060901217512428
33512,0.8899635259094019
33513,0.11103153908032798
33514,-0.19898933321233994
33515,0.4676768380205771
33516,0.33286881394707546
33517,0.4676768380205771
33518,2.0056791005976122
33519,0.4676768380205771
33520,-0.38980372747172565
33521,-0.31776771639453094
33522,0.020627762804613814
33523,0.3302540746346557
33524,-0.27870972716260806
33525,-0.22439793208401101
33526,0.3728798258851385
33527,0.2803875486432897
33528,0.3728798258851385
33529,1.7640029794135414
33530,-0.2042991703452884
33531,0.01862360675484294
33532,-0.4771416191493959
33533,-0.6742225460849338
33534,-0.24271613954465923
33535,0.840175607706795
33536,-0.43700063140502576
33537,-0.43700063140502576
33538,-0.38980372747172565
33539,0.016234526944889437
33540,0.10866530860159286
33541,0.3728798258851385
33542,0.3270557667758905
33543,1.7640029794135414
33544,0.10866530860159286
33545,0.3728798258851385
33546,-0.17930753820336368
33547,-0.38272577388326223
33548,0.5524254531258596
33549,-0.21114134277960145
33550,-0.011929290667827691
33551,-0.02819063425320774
33552,0.20294330793417603
33553,-0.29122653700551104
33554,0.840175607706795
33555,-0.29122653700551104
33556,-0.38703761735502984
33557,0.6113756896888995
33558,-0.29122653700551104
33559,0.5086509613695421
33560,0.35585668268647497
33561,0.029795944985804304
33562,-0.03590529929065084
33563,0.09451693638697282
33564,0.17100676361695155
33565,0.29024114231104187
33566,1.7640029794135414
33567,0.11336435114482424
33568,0.016234526944889437
33569,0.3270557667758905
33570,0.3728798258851385
33571,0.10866530860159286
33572,0.3728798258851385
33573,1.7640029794135414
33574,0.016234526944889437
33575,0.10866530860159286
33576,0.3728798258851385
33577,0.3270557667758905
33578,1.7640029794135414
33579,0.3728798258851385
33580,0.5086509613695421
33581,-0.4771416191493959
33582,0.01862360675484294
33583,-0.6742225460849338
33584,-0.24271613954465923
33585,0.840175607706795
33586,-0.43700063140502576
33587,-1.0759071723909435
33588,-0.31660531312701823
33589,0.08469205632757285
33590,-0.31660531312701823
33591,-1.0759071723909435
33592,-0.38132630452818683
33593,-0.4131454548628101
33594,-0.02819063425320774
33595,0.20294330793417603
33596,-0.29122653700551104
33597,0.840175607706795
33598,-0.29122653700551104
33599,0
33600,-0.29122653700551104
33601,0.5536472663076071
33602,-0.29122653700551104
33603,0.35585668268647497
33604,-0.29122653700551104
33605,-0.03590529929065084
33606,0.0861475266704911
33607,0.17100676361695155
33608,0.48363222734374106
33609,-0.16169523138579978
33610,1.059478863934615
33611,-0.17484552200932652
33612,-0.1566543564518704
33613,1.059478863934615
33614,-0.17484552200932652
33615,0.7856826409786547
33616,-0.17484552200932652
33617,0.13536521409819957
33618,-0.17954456455255785
33619,-0.13024189403457354
33620,0.22024936195153444
33621,1.059478863934615
33622,-0.17954456455255785
33623,0.17442106493306897
33624,-0.43700063140502576
33625,-0.2033057537221546
33626,-0.5382892806245586
33627,-0.13699191116996745
33628,-0.5382892806245586
33629,-0.38980372747172565
33630,-0.17930753820336368
33631,-0.38272577388326223
33632,0.09147658398889225
33633,0.9160737827014698
33634,0.8722992909451521
33635,-0.4771416191493959
33636,-0.3158641696147213
33637,-0.02819063425320774
33638,1.203823937282405
33639,-0.38703761735502984
33640,-0.29122653700551104
33641,0.5619198134775625
33642,-0.29122653700551104
33643,-0.03590529929065084
33644,0.3005800671780603
33645,0.6132055309048496
33646,1.6606095097713824
33647,-0.13457939938290686
33648,0.3728798258851385
33649,0
33650,0.2803875486432897
33651,0.3728798258851385
33652,1.7640029794135414
33653,-0.2042991703452884
33654,0.3728798258851385
33655,0.29024114231104187
33656,1.7640029794135414
33657,0.11336435114482424
33658,1.7640029794135414
33659,0.11336435114482424
33660,0.016234526944889437
33661,0.10866530860159286
33662,0.3728798258851385
33663,0.3270557667758905
33664,0.3728798258851385
33665,0.10866530860159286
33666,0.3728798258851385
33667,1.7640029794135414
33668,1.7640029794135414
33669,0.11336435114482424
33670,0.016234526944889437
33671,0.10866530860159286
33672,0.3728798258851385
33673,0.3270557667758905
33674,0.3728798258851385
33675,1.7640029794135414
33676,0.10866530860159286
33677,0.3728798258851385
33678,0.44956840493758005
33679,1.4043480750305704
33680,1.4043480750305704
33681,1.3174448902368379
33682,0.11174467218203991
33683,0.558650142502069
33684,0.10704562963880852
33685,-0.9534337069460832
33686,1.203823937282405
33687,-0.7162117922661752
33688,-0.4192700442714412
33689,0.30798051437623064
33690,-0.17484552200932652
33691,1.851448157643523
33692,-0.17484552200932652
33693,0.34142834488928697
33694,-0.17954456455255785
33695,0.33439297679352753
33696,-0.17954456455255785
33697,-0.02819063425320774
33698,0
33699,-0.29122653700551104
33700,1.203823937282405
33701,-0.29122653700551104
33702,0.9750240192645097
33703,-0.29122653700551104
33704,0.8722992909451521
33705,0.5619198134775625
33706,-0.29122653700551104
33707,-0.03590529929065084
33708,0.17100676361695155
33709,2.2286378502416424
33710,0.3728798258851385
33711,2.2286378502416424
33712,0.10866530860159286
33713,0.3728798258851385
33714,0.2907551871186603
33715,-0.3897533431970803
33716,0.5363172054257431
33717,-0.8864598281955337
33718,-0.17930753820336368
33719,-0.38272577388326223
33720,0.9160737827014698
33721,-0.21114134277960145
33722,-0.011929290667827691
33723,2.1252443805994834
33724,-0.17484552200932652
33725,0.30798051437623064
33726,2.1252443805994834
33727,2.1252443805994834
33728,1.851448157643523
33729,-0.17484552200932652
33730,0
33731,0.34142834488928697
33732,-0.17954456455255785
33733,2.1252443805994834
33734,-0.6042768651305017
33735,0.48363222734374106
33736,0.3728798258851385
33737,0
33738,0.7450224194713908
33739,-0.2042991703452884
33740,0.3728798258851385
33741,0.6132055309048496
33742,-0.6042768651305017
33743,0.48363222734374106
33744,-0.16169523138579978
33745,2.1252443805994834
33746,-0.17484552200932652
33747,0.30798051437623064
33748,2.1252443805994834
33749,1.851448157643523
33750,-0.17484552200932652
33751,0.34142834488928697
33752,-0.17954456455255785
33753,0
33754,0.42631249274262184
33755,0.17442106493306897
33756,2.2286378502416424
33757,0.11336435114482424
33758,2.2286378502416424
33759,0.016234526944889437
33760,0.10866530860159286
33761,0.3728798258851385
33762,0.3728798258851385
33763,0.7548760131391429
33764,2.2286378502416424
33765,2.2286378502416424
33766,2.2286378502416424
33767,0.11336435114482424
33768,0.016234526944889437
33769,0.10866530860159286
33770,0.3728798258851385
33771,0
33772,0.7916906376039915
33773,0.3728798258851385
33774,2.2286378502416424
33775,0.3728798258851385
33776,0.9160737827014698
33777,-0.011929290667827691
33778,2.2286378502416424
33779,2.2286378502416424
33780,0.016234526944889437
33781,0.10866530860159286
33782,0.3728798258851385
33783,0.7916906376039915
33784,0
33785,2.2286378502416424
33786,0.10866530860159286
33787,-0.054524423315219145
33788,-0.9468390848969906
33789,-0.3158641696147213
33790,1.203823937282405
33791,-1.1859092580137702
33792,-0.4192700442714412
33793,-0.02819063425320774
33794,0.20294330793417603
33795,1.203823937282405
33796,-0.29122653700551104
33797,-0.38703761735502984
33798,0.9750240192645097
33799,0.9172955958832172
33800,-0.29122653700551104
33801,0.5619198134775625
33802,0.0861475266704911
